id,nome,email,gender
1,Luis Latham,llatham0@uol.com.br,Male
2,Cindie Blaydes,cblaydes1@ovh.net,Female
3,Eb Skune,eskune2@sphinn.com,Male
4,Rafaellle Hulks,rhulks3@vkontakte.ru,Male
5,Bevvy Gerrelts,bgerrelts4@topsy.com,Polygender
6,Pen Crooke,pcrooke5@nba.com,Male
7,Issiah Persent,ipersent6@techcrunch.com,Male
8,Brunhilda Stammirs,bstammirs7@unc.edu,Female
9,Lizzie Pideon,lpideon8@bluehost.com,Female
10,Edd Turmall,eturmall9@surveymonkey.com,Male
11,Michelina Bolver,mbolvera@techcrunch.com,Female
12,Edsel Hartzenberg,ehartzenbergb@dagondesign.com,Male
13,Vinny Rodrigo,vrodrigoc@squidoo.com,Female
14,Susie Huyche,shuyched@jalbum.net,Female
15,Hamlen Starsmore,hstarsmoree@hao123.com,Male
16,Linette Ivashnikov,livashnikovf@bravesites.com,Non-binary
17,Dillie Raynard,draynardg@addtoany.com,Genderfluid
18,Riobard Meyer,rmeyerh@arstechnica.com,Male
19,Earle Penright,epenrighti@de.vu,Male
20,Latisha Whistan,lwhistanj@nymag.com,Female
21,Anya Crippin,acrippink@psu.edu,Female
22,Griselda Lonsdale,glonsdalel@columbia.edu,Female
23,Ripley Gooderson,rgoodersonm@dailymail.co.uk,Male
24,Drusilla Oneil,doneiln@si.edu,Female
25,Nathalia Pavinese,npavineseo@yellowpages.com,Female
26,Alameda Damrel,adamrelp@craigslist.org,Female
27,Leelah Grabbam,lgrabbamq@netvibes.com,Female
28,Arron Ratray,aratrayr@joomla.org,Male
29,Inga Cinnamond,icinnamonds@trellian.com,Female
30,Lind Danzig,ldanzigt@trellian.com,Male
31,Ricky Amorts,ramortsu@hibu.com,Female
32,Garey Palffrey,gpalffreyv@hibu.com,Male
33,Moishe Pardoe,mpardoew@bbc.co.uk,Male
34,Layton Corzon,lcorzonx@360.cn,Male
35,Obidiah Deegan,odeegany@facebook.com,Male
36,Fredric Jaimez,fjaimezz@foxnews.com,Male
37,Maddalena Whisson,mwhisson10@illinois.edu,Female
38,Raff Grece,rgrece11@cloudflare.com,Male
39,Wandis Schulz,wschulz12@constantcontact.com,Female
40,Lindy Folbig,lfolbig13@noaa.gov,Male
41,Clemmie Brant,cbrant14@csmonitor.com,Male
42,Jessee Brookwell,jbrookwell15@google.ca,Male
43,Aube Stainburn,astainburn16@google.co.uk,Male
44,Spence Liddel,sliddel17@goodreads.com,Male
45,Terrance Cornforth,tcornforth18@icio.us,Male
46,Lenora Hamilton,lhamilton19@cnn.com,Female
47,Donnie Plover,dplover1a@sun.com,Non-binary
48,Bengt Miko,bmiko1b@about.me,Male
49,Sibylle Murrock,smurrock1c@lulu.com,Female
50,Drake Ugoletti,dugoletti1d@last.fm,Male
51,Malissia Drakard,mdrakard1e@skype.com,Female
52,Bibbye Flavelle,bflavelle1f@ucoz.ru,Female
53,Hirsch Skowcraft,hskowcraft1g@pinterest.com,Male
54,Cirstoforo Saiens,csaiens1h@chronoengine.com,Male
55,Augusto Critoph,acritoph1i@fotki.com,Male
56,Carin Turford,cturford1j@cbslocal.com,Non-binary
57,Moritz Eborn,meborn1k@linkedin.com,Male
58,Colan Churly,cchurly1l@github.com,Male
59,Vida Lait,vlait1m@dyndns.org,Female
60,Stuart Paulton,spaulton1n@arizona.edu,Male
61,Carry Colquit,ccolquit1o@feedburner.com,Female
62,Diannne Phin,dphin1p@harvard.edu,Female
63,Mischa McGray,mmcgray1q@reverbnation.com,Male
64,Eb Kloster,ekloster1r@mozilla.org,Male
65,Samson Longridge,slongridge1s@biglobe.ne.jp,Genderqueer
66,Wynn Inchbald,winchbald1t@google.es,Female
67,Ava Springham,aspringham1u@scientificamerican.com,Female
68,Andreana Phidgin,aphidgin1v@baidu.com,Female
69,Darcy Garvin,dgarvin1w@barnesandnoble.com,Female
70,Earl Wheatland,ewheatland1x@mashable.com,Male
71,Tybalt MacCall,tmaccall1y@drupal.org,Male
72,Galen Ochterlony,gochterlony1z@dot.gov,Male
73,Samson Vern,svern20@addtoany.com,Male
74,Nancie Meys,nmeys21@harvard.edu,Female
75,Binky Rudloff,brudloff22@pagesperso-orange.fr,Male
76,Abbey Pudding,apudding23@yellowbook.com,Male
77,Toni Toombs,ttoombs24@joomla.org,Agender
78,Rolland Quail,rquail25@independent.co.uk,Male
79,Bryn Maggi,bmaggi26@ed.gov,Female
80,Case Seale,cseale27@umn.edu,Male
81,Manuel Mabb,mmabb28@weebly.com,Male
82,Trev Dowyer,tdowyer29@dell.com,Male
83,Wandie Flobert,wflobert2a@godaddy.com,Female
84,Arly Bulleyn,abulleyn2b@google.cn,Female
85,Natal Pyson,npyson2c@studiopress.com,Male
86,Zelig Roscamp,zroscamp2d@nyu.edu,Bigender
87,Harli Kalberer,hkalberer2e@lycos.com,Female
88,Torey Clemmey,tclemmey2f@auda.org.au,Male
89,Sherrie Munby,smunby2g@printfriendly.com,Female
90,Theodor Heinsh,theinsh2h@pbs.org,Male
91,Grove Fabler,gfabler2i@posterous.com,Non-binary
92,Jarib Sartin,jsartin2j@sakura.ne.jp,Genderqueer
93,Paton Drummer,pdrummer2k@jigsy.com,Male
94,Felita Taunton.,ftaunton2l@archive.org,Female
95,Renard Ogilvie,rogilvie2m@google.de,Male
96,Lil MacPaik,lmacpaik2n@moonfruit.com,Female
97,Auria Lindeboom,alindeboom2o@hp.com,Female
98,Jessa Linforth,jlinforth2p@networksolutions.com,Female
99,Annie Uglow,auglow2q@princeton.edu,Female
100,Antonius Serraillier,aserraillier2r@nationalgeographic.com,Male
